800,150,64,64
198.188561851205,209.93066965333,221.721384319643,233.565449027499,245.418332443043,257.349559296593,269.300290311968,281.281194481922,293.313290139066,305.344487676323,317.446551328032,329.538217598639,341.689614322437,353.834068459886,366.028669309613,378.208289608027,390.428735924213,402.628623479358,414.851167580299,427.055638607701,439.250982058406,451.447399697935,463.611860363137,475.748235102836,487.861202810549,499.92440209483,511.930218726505,523.883938957732,535.755651766564,547.548527202733,559.238406842601,570.82410213725,582.283382699228,593.616063071012,604.794607082183,615.827798672839,626.686557183672,637.378863501978,647.901896610724,658.226499973037,668.343668168379,678.231251857359,687.85090878348,697.208080632033,706.287518492126,715.057896478745,723.505615210872,731.604253979673,739.354476202781,746.715780268906,753.68906983945,760.239508187777,766.342741865924,771.996916198427,777.181898668741,781.863947130731,786.040302367402,789.694905400731,792.813321398948,795.383023195603,797.393583644021,798.83680009058,799.706766747446,800
198.28684151088,210.01684667512,221.800927341856,233.635228168454,245.480949306045,257.422658539938,269.383701650681,281.382950561096,293.435290485925,305.490596400988,317.612177474283,329.720918539418,341.888018844119,354.037972479375,366.23332979763,378.408240057569,390.623359743299,402.820029268221,415.033436031702,427.22832990582,439.402337478134,451.567716062978,463.692468150175,475.779753901565,487.836522466781,499.837860466847,511.779206620542,523.670976920051,535.483174016274,547.2252501971,558.876060901808,570.439579182639,581.895912955287,593.245719801669,604.461109857741,615.549716971194,626.478307789347,637.247435542013,647.842755995058,658.23108603998,668.413751907691,678.36864761394,688.054538557838,697.466769045405,706.569651090097,715.350349443444,723.788102594412,731.859556824742,739.570475860256,746.887977111684,753.811227363069,760.321104238165,766.386334121618,772.014403913154,777.185598079198,781.864515726405,786.040645932423,789.695119155452,792.813442975335,795.383084038217,797.393608248368,798.836806595164,799.706767307875,800
198.511857565361,210.227339620862,222.006904673678,233.829703812621,245.66752534304,257.605751090347,269.555972136077,281.556329717738,293.603257315465,305.665168430335,317.789850989701,329.907996874137,342.088145521183,354.249833580186,366.461708394619,378.652159239005,390.873865247935,403.078576176967,415.286970389269,427.475508757615,439.637168057526,451.787285817141,463.892283210328,475.957239769522,487.995019924881,499.980308243448,511.912876703995,523.800807026469,535.615745301078,547.363034806235,559.016681580363,570.583127146783,582.039752856838,593.387761447531,604.595375808716,615.669550043329,626.576627468653,637.315466303165,647.870716844867,658.20996659409,668.335103355761,678.227112164806,687.846149291444,697.210608494778,706.321748989744,715.126337897888,723.604266490761,731.725071287818,739.486810438198,746.846997803554,753.803142323701,760.331823804021,766.402263598202,772.025648924759,777.189135585389,781.865084322078,786.040989497444,789.695332910173,792.813564551722,795.383144880831,797.393632852715,798.836813099748,799.706767868304,800
199.175531379413,210.855430502752,222.612204927486,234.396973973364,246.2129959745,258.126446415152,270.04845629393,282.03719893934,294.057698618578,306.107286350549,318.207622544244,330.314342819546,342.475083707557,354.628579820658,366.826352013183,379.012410406747,391.223559129333,403.424205675808,415.620053280384,427.806598387119,439.963993487325,452.119409895465,464.229938000731,476.299077613202,488.336607171773,500.310975985181,512.22374045223,524.077631220454,535.855806741593,547.566449826013,559.184504685753,570.715903685903,582.135568462019,593.45105358262,604.631858728248,615.688435700162,626.588879026182,637.332149979473,647.905398955633,658.275292086829,668.443974015479,678.387518759266,688.065203540037,697.464960156257,706.542489135486,715.299406019689,723.716708662638,731.776203537643,739.483468659477,746.803100299609,753.739606571615,760.268215836965,766.370648535245,772.015167643314,777.189039604617,781.866434148241,786.041695382254,789.695607244058,792.813686128109,795.383205723445,797.393657457062,798.836819604332,799.706768428734,800
200.064160626182,211.721437467552,223.442866485773,235.181693069674,246.979168358612,258.84286365752,270.717273505305,282.692059605799,294.680599176079,306.717034413531,318.786351892784,330.876695185955,343.005812009003,355.14150237348,367.310046788568,379.479743160582,391.666541424889,403.853698064726,416.027246887772,428.202629921714,440.348947985455,452.48707854846,464.584207283786,476.640845604854,488.668451045979,500.637515608867,512.549586441862,524.399534356455,536.173340191554,547.874080104289,559.478489580462,570.998191261434,582.400959432893,593.695598221029,604.848488392702,615.873133045553,626.74030153734,637.447178048726,647.983801571668,658.315951890447,668.44745579136,678.356827713519,688.005442365411,697.397694997629,706.51058631385,715.312714443167,723.777671718359,731.878765519643,739.61410223832,746.948203205365,753.84252771607,760.333336476003,766.389366125723,772.016336625697,777.189437076157,781.867940039047,786.042711682584,789.696240169978,792.813948127363,795.383266566059,797.393682061409,798.836826108917,799.706768989163,800
201.121235744746,212.757900768687,224.431939005648,236.122499613348,247.899368790488,259.707944417499,271.550486333193,283.484385972237,295.424390395443,307.443047132481,319.473833547211,331.547483294883,343.641748844019,355.761713698263,367.898952914622,380.053090492099,392.21167606625,404.383554120334,416.53171138325,428.690983039178,440.820055783036,452.931260004314,465.007297451523,477.044432653629,489.047236974835,500.994197175513,512.885811175694,524.715100632022,536.474052906442,548.165017927059,559.755435871554,571.261183583984,582.647716886762,593.926372263565,605.061579987241,616.066130867272,626.911018424276,637.59204988317,648.102947850119,658.407553285739,668.511205865032,678.392316529286,688.015810752203,697.384691497301,706.477526015492,715.264081479128,723.720273337805,731.816436095946,739.554912886053,746.902399264147,753.844294272312,760.36150595909,766.420842917654,772.031421606147,777.193860528122,781.870103333348,786.04378807802,789.696873095899,792.814307464338,795.383416517337,797.393706665756,798.836832613501,799.706769549592,800
202.379858988168,213.98433293972,225.607273539537,237.265395089143,249.007954400168,260.763247744731,272.590594815354,284.468937141769,296.369387014874,308.349635118159,320.329562857823,332.376777185954,344.423505270273,356.517895954043,368.611732156975,380.7423949985,392.860922270529,405.008634045094,417.133366335696,429.266924924366,441.380048408211,453.465502548563,465.529437937322,477.552053951926,489.530420785048,501.456471718,513.324834248139,525.123888903375,536.848012070447,548.505739357103,560.064430528477,571.541887567236,582.907444656596,594.166428437276,605.282345409066,616.266108843885,627.092777216937,637.75370699901,648.244557447018,658.52846258603,668.611119308172,678.469937784153,688.073401629148,697.421623517803,706.493810693367,715.263220230892,723.706457661546,731.793375921096,739.534335669868,746.878933500911,753.822713659165,760.344251146919,766.414227719774,772.036456936146,777.198181038099,781.872583346633,786.045456754681,789.697633598333,792.814666801312,795.383594984097,797.393748615632,798.836839118085,799.706770110022,800
203.975843755953,215.542028853804,227.122200026166,238.765818779027,250.441314655639,262.138463218143,273.91379424943,285.70558109216,297.558020654483,309.454957948635,321.384222982659,333.380888789597,345.381655920921,357.439527745505,369.488815723163,381.582032596503,393.663350724133,405.764854756748,417.857260207618,429.947156789,442.03122250565,454.080314815792,466.115057427899,478.114526044452,490.064748660148,501.966583851455,513.81444466456,525.589831602071,537.292300908015,548.920157211086,560.447576725208,571.884379804778,583.208428014657,594.433344059681,605.527179684935,616.488818764135,627.294747913832,637.933592000143,648.404026806756,658.670223325943,668.733190316019,678.572632550647,688.159602122799,697.489927516512,706.54315967443,715.296278856277,723.725106726876,731.803840214104,739.535205192917,746.873575173868,753.815815974911,760.342544309298,766.412706668883,772.036906854635,777.201690912649,781.87559133302,786.047125431343,789.698672930232,792.815077976075,795.383773450858,797.393820170329,798.836845622669,799.706770670451,800
205.738901127088,217.273551713064,228.840625188017,240.459140108832,252.089594861579,263.772049061393,275.486638829324,287.214991279362,299.008235358422,310.80468413403,322.660363918165,334.538711147248,346.47008654259,358.451072267355,370.461090923745,382.500984051567,394.548718338666,406.601230554225,418.663292264894,430.711193641452,442.766714371871,454.784381401948,466.780794848816,478.750229878046,490.667982375761,502.536932911568,514.359710443573,526.105929680386,537.780300304281,549.374532032024,560.875561981357,572.282607768654,583.572181810653,594.754663155857,605.812350397154,616.74338129603,627.525054232211,638.138883612838,648.584249449719,658.831069541414,668.873572158268,678.693610611699,688.264483078746,697.578008417662,706.613386609778,715.351645224012,723.766388407646,731.834351201588,739.553128355858,746.882994440409,753.823525743766,760.346606980339,766.416084073571,772.042106640968,777.205793321543,781.879057439555,786.049230327369,789.699712262131,792.815667005091,795.383951917619,797.393891725025,798.836852127253,799.70677123088,800
207.607215535739,219.093521655391,230.640787500902,242.203087944954,253.793697560706,265.44332897769,277.103561611395,288.810024743879,300.542085567075,312.291413780072,324.092053942256,335.896520538863,347.765395403896,359.638101029159,371.587407386923,383.54541837053,395.543721982402,407.529620710727,419.544915866379,431.546909471164,443.553044152604,455.539239830477,467.499211968558,479.442329069376,491.331355398907,503.170378604651,514.963763449622,526.67599737775,538.317401124425,549.875191267708,561.344758597993,572.719324774759,583.984736234358,595.14091015017,606.16619907749,617.057354873532,627.804208349803,638.382235069526,648.794714699844,659.012194119071,669.029900758658,678.829343849948,688.384029701278,697.681801995363,706.698708427267,715.421808524595,723.822584168101,731.877744040592,739.584018584441,746.906771202065,753.838417269652,760.356144619117,766.42474905279,772.048354640981,777.211387291126,781.882934303822,786.051544443007,789.700965446581,792.816256034106,795.384198263061,797.393963279721,798.836866443605,799.706771791309,800
209.181002841683,220.57115266559,231.98705103777,243.433500637974,254.956003203901,266.515404866922,278.113607389132,289.889296483466,301.727036925404,313.600168891825,325.46947876163,337.336035479635,349.137031714304,360.956068479298,372.836544333353,384.725211264302,396.66657288888,408.605368169644,420.556019843016,432.50699629951,444.442627378489,456.377944836956,468.285785832169,480.178140384073,492.029521758224,503.835519430308,515.598616628324,527.295098797417,538.920989909598,550.446517612956,561.882433001441,573.214414215936,584.433547812101,595.537165733108,606.530644156645,617.391211975988,628.112505994114,638.661482534225,649.042121549496,659.226841276649,669.206309399344,678.976872327655,688.5099029542,697.790542100854,706.790471262177,715.501854279918,723.889833055937,731.931167501913,739.623759596943,746.937697723127,753.859602118624,760.37319602897,766.435694897941,772.056842392576,777.217575045648,781.887362319595,786.054053001932,789.702405992507,792.81684690133,795.384489127447,797.394034834418,798.836885646598,799.706772351739,800
211.711893778264,223.054445878203,234.413374847065,245.828274429952,257.284913628088,268.761205278524,280.303410578551,291.870107919481,303.471861828971,315.123362952023,326.793613506147,338.529123648571,350.28209520891,362.115009580305,373.980808951214,385.915786215602,397.879228451222,409.827296470556,421.713782863217,433.567181501258,445.446218357726,457.326416027737,469.186517866719,481.015227012931,492.818459553864,504.580692289461,516.291764009195,527.943124643745,539.531922646205,551.026435182689,562.436906165251,573.744861133825,584.944682810211,596.012565385913,606.953528910055,617.759211604195,628.436289658061,638.952587318376,649.30347036495,659.458134454801,669.405572768988,679.142929173506,688.643927003641,697.895490830097,706.878257571169,715.580644320423,723.957834192073,731.990098038522,739.6722314715,746.974470699123,753.88635092838,760.392975137796,766.449783477488,772.066770956442,777.224563297095,781.892129318237,786.057003550788,789.703846538432,792.81764941688,795.384779991833,797.394106389115,798.836904849591,799.706772912168,800
214.269823970441,225.542014242507,236.85392262112,248.216371745477,259.596171083782,271.028517176624,282.498510471542,293.988140771534,305.541726980725,317.106361881544,328.71373659395,340.352519914157,352.017338740912,363.738135793749,375.477719603352,387.29911567392,399.128211782374,411.012890092623,422.903426581111,434.809903558097,446.74459556171,458.682168784552,470.623135682825,482.268094221901,493.831777264727,505.407133335537,517.06320063691,528.661734164916,540.206071593439,551.658509740177,563.032568637646,574.297314466166,585.458807112581,596.494427309709,607.408306459242,618.175526895752,628.806068793346,639.268312878953,649.579665431598,659.704393077245,669.621464511147,679.329186717396,688.803681858352,698.022888655036,706.974679147591,715.648135473792,724.016188499596,732.046650647557,739.720894053484,747.01557850932,753.917747834295,760.415679501387,766.466390918876,772.077945492516,777.232341555358,781.897503043409,786.059980674516,789.705616046082,792.818465605701,795.385070856219,797.394220438882,798.836924052584,799.706773472597,800
217.072577333964,228.28869839388,239.545890357161,250.819863889183,262.136484547438,273.497939249184,284.874350269246,296.300161440544,307.754860638806,319.231355639546,330.752167765966,342.284322345418,353.878653953245,365.489456526676,377.159763826003,388.855592924598,400.606725102914,412.377201662144,424.172128854698,435.962739244851,447.776328440714,459.582436555185,471.385697467574,483.188952071021,494.965432114775,506.732226776779,518.460874561698,530.029531521219,541.219048805318,552.345377736376,563.675569447044,574.892958615389,586.014512573802,597.004325144282,607.884288961699,618.611787322358,629.202774778825,639.621890762541,649.880709065756,659.967643053957,669.852143619713,679.530703027699,688.978657734221,698.167580057049,707.093296195074,715.742451517555,724.083163947302,732.090935250528,739.762694268487,747.057499945457,753.951017493326,760.442158390625,766.484688864825,772.09078247325,777.240720500258,781.903196892703,786.063536054043,789.707455213915,792.819281794522,795.385431878463,797.394336730099,798.836943255577,799.706774033026,800
219.636226763796,230.775735738726,241.930043848874,253.137318297468,264.431005527548,275.740966352974,287.103008919524,298.508542488404,309.926361129432,321.401130701389,332.880499252002,344.391376604089,355.918416489527,367.456949722418,379.024333040115,390.600879762422,402.233886627911,413.878205993702,425.589646001962,437.299575823418,449.017419118994,460.737394885686,472.433266173331,484.132116998491,495.804553876787,507.450335475049,519.063348563009,530.635399020859,542.141163138503,553.590120437805,564.958590824444,575.976122782356,586.712214972494,597.558621547799,608.390041874627,619.075728589396,629.623821071435,640.002968902645,650.215790560022,660.254625255873,670.098646821753,679.745709911159,689.166773441985,698.32558058895,707.225618140003,715.851434045579,724.167726467608,732.156571608935,739.805755923996,747.090896678953,753.984493263998,760.470133410195,766.505240208628,772.104503962588,777.250037561286,781.909518718014,786.067123435107,789.70937884851,792.820279984255,795.385836152464,797.394453021316,798.83696245857,799.706774593456,800
222.674085859006,233.711255562501,244.782851072167,255.922646085965,267.08268094771,278.28614064975,289.557147579592,300.842861799357,312.185550603537,323.560948609258,334.961981195098,346.409900753843,357.864643047707,369.366095840402,380.870573800034,392.410190751881,403.957030040304,415.536823119323,427.124665954254,438.752264759803,450.377901891678,462.016908569641,473.634329314882,485.241657993889,496.831471393222,508.379702831316,519.896963733033,531.380651735061,542.792101547038,554.149513791852,565.41872267475,576.6101053784,587.689997534847,598.658282418538,609.263070886336,619.592863724872,630.073418036662,640.41293425618,650.579325132602,660.576012642984,670.368103275065,679.973816152908,689.36669901874,698.495068405687,707.369161255329,715.971267327082,724.263885354417,732.233162323897,739.86152849236,747.132061519456,754.01341150264,760.498106085288,766.527485543729,772.119731607137,777.259805668074,781.916198005889,786.071190703635,789.711619843327,792.821325291914,795.386240426465,797.394569312532,798.836981661563,799.706775153885,800
225.895793536526,236.841944804208,247.838677160711,258.857583753486,269.928204464152,281.063679105004,292.21841440253,303.431148218921,314.689953623374,325.967287349214,337.302689855355,348.654114435712,360.04344140648,371.455824269927,382.889738021864,394.347531366995,405.814386020263,417.305587595273,428.802556466553,440.325395145674,451.855566874226,463.389332617167,474.927134217952,486.449595533845,497.959743724209,509.434645220485,520.871445678147,532.266400548592,543.597803522157,554.876612628849,566.067028477577,577.17943466798,588.188350538606,599.081383786134,609.849316960396,620.476626821823,630.929240415971,640.943711168766,650.967659160949,660.92063057299,670.669177942265,680.22599864481,689.577823756715,698.675504353953,707.523022861912,716.100895827204,724.369418479833,732.318628434066,739.926070876865,747.181366989128,754.049416622813,760.523806603569,766.55081312638,772.136250716465,777.270661280829,781.923479008075,786.075417334891,789.713860838143,792.822370599573,795.386644700466,797.394685603749,798.837000864557,799.706775714314,800
229.314543619673,240.165583865008,251.039465036731,261.958913033226,272.950754512455,283.963129917047,295.035272054011,306.159075052918,317.299650994176,328.511890548426,339.744245976946,351.009900673879,362.318398634371,373.636073523891,384.998095219478,396.360258904456,407.757814074193,419.15291461486,430.577429312524,441.994333058459,453.432859502148,464.869018204596,476.315569244536,487.750700681836,499.157879071356,510.552993374286,521.913791640038,533.231245180233,544.500113015805,555.709514909502,566.82807117221,577.865563616083,588.802509111366,599.635984533126,610.337653444597,620.91207980148,631.324020867921,641.585741817611,651.652720355106,661.353189367231,670.994560550245,680.502810093715,689.804928344634,698.869672148134,707.687612160582,716.237257632876,724.483605665929,732.412062175199,739.998623478273,747.237195773877,754.090390253614,760.553828216694,766.574660553966,772.153843515982,777.282072238768,781.931219724916,786.080033396664,789.71639092224,792.823602750178,795.387150436052,797.394845041101,798.837032031068,799.706777273174,800
232.949067148272,243.671768281471,254.451300129704,265.283986654982,276.135985775325,287.043643366593,298.009188520891,309.008396548917,320.071979981212,331.170032455137,342.30107059948,353.487095677819,364.683522470211,375.93293597081,387.190922891869,398.48133086437,409.783158869812,421.100796621551,432.424444690535,443.758822334949,455.094936453744,466.445948967531,477.792618695509,489.13893851892,500.458591248946,511.758390205967,523.03586425376,534.261660975937,545.444922728615,556.576880498545,567.637431723867,578.627402595661,589.500238558505,600.270906417449,610.909455225894,621.425555906149,631.782807480618,641.993359184079,652.019404454802,661.866475122678,671.498642345663,680.810412163961,690.054660005078,699.077508208924,707.863582924007,716.381651277994,724.605772181876,732.513065386216,740.077758217141,747.298796101774,754.135905400757,760.586843279205,766.600526681884,772.17333401718,777.294613129204,781.939497177925,786.084914596545,789.719042897545,792.824883457317,795.387672173102,797.395008784524,798.837064305842,799.706779124714,800
236.784888076591,247.419201729455,258.085328308403,268.77598781668,279.552981751649,290.380504488252,301.229830631647,312.137575968928,323.072835966179,334.031296024213,345.052600849316,356.09703116372,367.186172148968,378.321234945981,389.488541333577,400.686209463016,411.89404229103,423.12516724302,434.357116488492,445.605888523284,456.850631662077,468.104240118842,479.358214256533,490.601790828798,501.841318293986,513.052639149789,524.232404562432,535.375540581263,546.474797400661,557.515718332576,568.493793015949,579.404218200332,590.217892984347,600.94761810558,611.536524737713,622.001689545286,632.299977055803,642.454567115139,652.433108414343,662.232063930778,671.845672554926,681.230074248707,690.36887806894,699.304960562057,708.051077545112,716.535186183542,724.733693253561,732.619889469429,740.163192480872,747.366904936842,754.185742635574,760.622873168408,766.62814990677,772.193525317873,777.308296459719,781.948372900247,786.090148607567,789.721829342292,792.826172264892,795.388193910151,797.395172527947,798.837096580617,799.706780976253,800
240.787694016508,251.302311477493,261.84777250101,272.469148447854,283.122880260173,293.797351457419,304.574396161663,315.377192178228,326.21805274097,337.114420287271,348.023325789265,358.974360493144,369.955636687911,380.949804706124,391.991204957998,403.03435070201,414.132798393381,425.236755658252,436.382807930497,447.532556770913,458.695781364128,469.845291592336,481.001998507483,492.147794218,503.296434958951,514.423776379885,525.507830303709,536.563412347941,547.579175379048,558.529302067243,569.425774893628,580.249050765848,590.98698417337,601.637733536417,612.170786196072,622.593019507022,632.858155774739,642.961678230172,652.888743792261,662.634366316594,672.200359062302,681.550635777983,690.68926369597,699.592232381163,708.253757702171,716.698430658783,724.869265689342,732.730931529837,740.252659899734,747.440325597703,754.240797856167,760.662193043902,766.65782194071,772.214581846083,777.323066506606,781.957703748048,786.09570442973,789.724906770968,792.827682448449,795.388762836626,797.39533627137,798.837128855391,799.706782827793,800
244.945098151761,255.353434523681,265.809093811474,276.293480794255,286.828892273458,297.432673268872,308.063112193349,318.734768700626,329.478715266857,340.240122239031,351.06595516608,361.927388529265,372.803207718185,383.721532397962,394.647904895423,405.608394176445,416.580244673711,427.573206799008,438.579459010696,449.600768165549,460.630828351118,471.677080412882,482.725639734693,493.781738388002,504.822946005006,515.857251051511,526.857626817825,537.823606986873,548.74589118482,559.610617598529,570.42428128606,581.160645569146,591.818040732096,602.388629585906,612.850464113648,623.199114127998,633.414234313779,643.481302392562,653.374752443205,663.071144945298,672.585290907161,681.887834486692,690.989641015671,699.865034844231,708.48916683003,716.874067343823,725.012531097745,732.846953448753,740.346940021551,747.514389713204,754.300338005265,760.705489276063,766.690578183169,772.23734925551,777.338630345951,781.967885630238,786.101636617022,789.728017240339,792.829209250761,795.389409177229,797.395517996325,798.837161130166,799.706784679332,800
249.269953146134,259.55989820963,269.877146708875,280.268967656916,290.704729620501,301.166961132204,311.692905286399,322.27059159034,332.872554224107,343.527480329118,354.224563308821,364.946988458106,375.738477400699,386.543118454273,397.380780090971,408.237689467608,419.106607354467,429.998785145965,440.891900867463,451.805778401106,462.716168722942,473.644062506919,484.56882892498,495.501590279292,506.436410546124,517.359330626576,528.273536445798,539.152906186455,549.978395549796,560.75706127682,571.484531001397,582.132152377109,592.710669352588,603.194734518359,613.583780299974,623.856858699822,634.005298187845,644.009526400088,653.8595036796,663.525662990924,672.996809976065,682.249782350779,691.302682166707,700.145110575631,708.727811940323,717.066772953414,725.165470155629,732.968726827007,740.446419480186,747.591619603722,754.361725727424,760.752251182678,766.725716736895,772.261403319637,777.354822505736,781.978503656522,786.107901317535,789.731530864835,792.83081937454,795.390055517832,797.395733305374,798.83719340494,799.706786530872,800
253.777536108097,263.933376311709,274.152195513545,284.404634450893,294.692296659748,305.064861052015,315.472486395287,325.904883665779,336.41346947221,346.949074716496,357.517122746488,368.1339169632,378.776714929777,389.460814350876,400.188543632296,410.927669500512,421.707044176761,432.482872866461,443.284776323086,454.083249317779,464.896077967199,475.702120805031,486.520021736457,497.327723739929,508.136969024122,518.942710548346,529.746582333211,540.53084284257,551.275136585769,561.96629164723,572.599043053493,583.161183880325,593.658311813178,604.055979838535,614.367316630711,624.562525030591,634.640593259788,644.577075880768,654.369688407035,663.980120415152,673.414543425412,682.636888539782,691.637368833523,700.433168398235,708.975464208251,717.274867997709,725.32948199368,733.097930417276,740.549821867761,747.672734689906,754.426121668196,760.800858813403,766.763481164079,772.286907263232,777.371880459921,781.990359437396,786.114591656858,789.735079253234,792.832606488618,795.39072629339,797.395948614423,798.837230091235,799.706788382411,800
258.46755216888,268.501039990856,278.565026683088,288.693326400664,298.881429772938,309.1035953659,319.372329851468,329.714134730096,340.082354485388,350.485088095264,360.952373022999,371.432928932854,381.960116605276,392.522817157748,403.105313103984,413.73606493314,424.384029325026,435.062686462978,445.745335666171,456.4453024234,467.145274048647,477.848412545001,488.544542437509,499.240967090514,509.926853941413,520.623016676293,531.302806593999,541.958355752136,552.592631070457,563.20753001095,573.763596896155,584.247423794375,594.654135520076,604.968473496648,615.200226379677,625.313734778565,635.321101180508,645.182602582887,654.912163009287,664.46315732342,673.844267333925,683.026135376983,691.991599964791,700.732809612188,709.234425712321,717.494262762175,725.506447264129,733.236859519459,740.659172238999,747.756232242492,754.493855916885,760.851093420034,766.803768597974,772.314641900371,777.390156915873,782.002743168226,786.121591269194,789.739008021155,792.834400726976,795.391507376295,797.396163923472,798.837277433354,799.706790233951,800
263.338288901563,273.222636389872,283.178656997865,293.168243587877,303.19278419429,313.302213265939,323.454802195507,333.641732269188,343.884880311937,354.179899389101,364.500130676623,374.868777654185,385.272523455092,395.695673813941,406.171343518417,416.654706697118,427.180823681344,437.727927064849,448.300109308771,458.883189823561,469.467179282812,480.060179218051,490.647939970735,501.231989227805,511.812456425437,522.37988695712,532.94194899386,543.480643260294,553.999230798173,564.485037881067,574.929812453389,585.338547531046,595.681617489973,605.932031513622,616.076481684129,626.108284738233,636.039637936711,645.827167972495,655.485973320162,664.975588538567,674.298677923337,683.431680002552,692.346053282842,701.046907415815,709.506945225455,717.724755358069,725.695857199523,733.384741061372,740.777488449259,747.843881922617,754.563050551034,760.904539292934,766.844673917833,772.344682565777,777.409428923682,782.015809453777,786.129170574992,789.743028982558,792.83641963025,795.3922884592,797.396396577764,798.837324775473,799.70679208549,800
268.4103022694,278.163523895637,287.953696894492,297.793869769606,307.713269536625,317.664454328338,327.656658962961,337.735552033685,347.843484255862,357.989875762688,368.192901124962,378.426331279178,388.69264277415,399.009298066669,409.338095358901,419.705408739077,430.094499287901,440.506116653652,450.947112036985,461.402602881685,471.880713485943,482.350637767398,492.830312035401,503.302576519194,513.769183354242,524.218564789179,534.658001375892,545.087059989809,555.491321158769,565.85428647498,576.180194196151,586.472362302469,596.701104407456,606.876049502364,616.976130492206,626.950348688746,636.795008309186,646.510891692749,656.092935127459,665.519993613752,674.777056792232,683.854119381711,692.716619181411,701.369676609648,709.790655952911,717.967854265298,725.892576060815,733.543047836806,740.903900852411,747.939337036583,754.634391211487,760.9590979538,766.888641913592,772.375694080778,777.429911557932,782.029801976504,786.137044767926,789.747431470329,792.838484221854,795.393109572737,797.396669304125,798.837372117593,799.70679393703,800
273.675929889965,283.276907971856,292.932070719113,302.632476236035,312.381744667753,322.193322492947,332.065390838087,341.975648101076,351.936011538433,361.960589383461,372.010197833838,382.1158276836,392.261048065445,402.426204116849,412.639618306096,422.871888808222,433.127901880775,443.415044304388,453.706368730165,464.039117481026,474.377650798836,484.740128114375,495.095652914147,505.449195694797,515.789702332258,526.13060754439,536.455645497801,546.769474305874,557.051360000768,567.300867904983,577.516634490554,587.685680185352,597.800742807971,607.86478792803,617.8516204984,627.768554851882,637.576426085769,647.232709350575,656.733724110025,666.093806964922,675.281176750071,684.301203966412,693.107468003687,701.709864731705,710.087120128787,718.220423555158,726.100318669695,733.713748469053,741.038154527968,748.041981002176,754.712755567079,761.013683278952,766.933746822636,772.40783823555,777.452403867562,782.04422289257,786.145698266064,789.751950576703,792.840726158879,795.394037469975,797.396942030487,798.837419459712,799.706795788569,800
279.147435515009,288.591638860188,298.071102081452,307.627765670972,317.246279376743,326.899961023839,336.612750963944,346.388117209401,356.205266272946,366.069348172884,375.985784535923,385.945590210434,395.93007173649,405.983725073243,416.050123246559,426.154972163246,436.286757462314,446.433601024358,456.607201927639,466.787634213022,476.991120036991,487.206357930081,497.441579260317,507.672302180775,517.901761369167,528.115715527633,538.330631525875,548.518341792345,558.684061275896,568.819231821275,578.924917172427,588.97528694487,598.976460575921,608.931182809999,618.80448561735,628.611987940169,638.324074802967,647.943002858635,657.414239554079,666.701341675675,675.816685939722,684.770557959904,693.521191151142,702.068937450492,710.401310548617,718.482491996399,726.317375756337,733.893549129642,741.180427956605,748.151412160239,754.797443545921,761.073986269874,766.978616396104,772.442032711358,777.475509030907,782.059078487485,786.154793572966,789.756905352651,792.843093616633,795.394965367213,797.397214756848,798.837466801832,799.706797640109,800
284.831895817613,294.109471099136,303.450834050112,312.834801591478,322.276766782838,331.785965969138,341.352227342488,350.951012781027,360.622970357714,370.347632021824,380.103329539788,389.916856920234,399.775877101116,409.661946158888,419.5933611772,429.556216813369,439.536766689888,449.563562723377,459.592410751709,469.651537980758,479.715064285547,489.792873800502,499.882748740183,509.987308972961,520.093591820003,530.192593266956,540.270553533514,550.33996638043,560.39001846879,570.414214888274,580.394958672185,590.333296975905,600.227652453804,610.059967886963,619.827519844336,629.530660800508,639.13343768974,648.651085331283,658.044711767897,667.3202097296,676.384457372283,685.267083062659,693.959226755808,702.449769599046,710.731434893535,718.757220206231,726.544115263127,734.08239241904,741.330052760491,748.267649136221,754.888215373124,761.139562141047,767.024480818309,772.476956242282,777.499764377501,782.074812457298,786.164425215365,789.762050948474,792.845622906349,795.395996100971,797.397536393054,798.837528646932,799.706800804932,800
290.711003774541,299.823222824606,308.989651480971,318.22968725533,327.517465040174,336.848117339737,346.254606449188,355.71700692294,365.220894751707,374.771415635903,384.389247994685,394.044023442453,403.732689774115,413.491490019212,423.270851258599,433.086867428959,442.938422265208,452.808919286756,462.708147608393,472.620496138885,482.552840566225,492.496438524585,502.444459790595,512.405082619305,522.367893479454,532.337086520136,542.295059838745,552.239959666595,562.169732532595,572.072327281238,581.934719583419,591.758072536831,601.541946722069,611.258470170388,620.915614156154,630.506354742505,640.005901355272,649.42479405194,658.718194233235,667.905310297043,676.94099860445,685.793558128176,694.423671155293,702.851740607947,711.071733531192,719.04799781983,726.785327947987,734.280145224482,741.488162561966,748.391236041397,754.984506133089,761.210133484929,767.073450104276,772.511642606154,777.525363027134,782.091184711757,786.174865374054,789.767611192512,792.848322913109,795.397084312655,797.397873912835,798.837593777804,799.706804386803,800
296.717159863327,305.691265090692,314.711851618279,323.776630659366,332.891352160275,342.093049628794,351.329693350092,360.608045625916,369.975015187794,379.38208618481,388.823260997901,398.323910191247,407.872916081872,417.454811511345,427.08049657928,436.751219385488,446.440442614574,456.180359447118,465.931312882505,475.706920489284,485.498234364129,495.295755945319,505.109998842692,514.92361511953,524.746125627037,534.570635951016,544.40162813886,554.222609204945,564.025218643057,573.798483733701,583.542273602006,593.253446074808,602.911822771687,612.517279870059,622.069809527634,631.542148848975,640.940102944779,650.249274525165,659.451590431244,668.5400193245,677.490104141034,686.289434957602,694.90744465361,703.270235249767,711.429211688173,719.356357614272,727.043325808767,734.489637826056,741.6556087139,748.522919006502,755.08436205931,761.285637274139,767.126586212067,772.549685740391,777.551613791482,782.108396131069,786.185899752164,789.773526082589,792.851202205331,795.398221076695,797.398211432617,798.837658908676,799.706807968675,800
303.015267291877,311.807605286436,320.671335768803,329.575622091993,338.527694184905,347.540746270265,356.610039467337,365.745077510002,374.919962478901,384.145725197296,393.442419953062,402.774064628174,412.15174600439,421.587772458667,431.04842964698,440.549697456058,450.092838651181,459.654363692303,469.24984307044,478.871441177324,488.51243357748,498.174529151847,507.846444931957,517.539202743115,527.230454487486,536.917743233871,546.601952182999,556.284314886491,565.949821579127,575.602813151547,585.226682244877,594.812085088616,604.349988154843,613.840644036814,623.279143751598,632.640412992753,641.931872354676,651.131950040573,660.235375073178,669.224488968861,678.087299171206,686.798166562442,695.353761333243,703.701986047851,711.808934431078,719.683365634452,727.317816437032,734.712213995568,741.833395276559,748.663651658572,755.189488842586,761.366268017108,767.183798687824,772.59126052715,777.577911989067,782.126706887697,786.197721274817,789.779736400346,792.85423681071,795.399489671851,797.398597483226,798.837724039547,799.706811550547,800
309.553117497445,318.177592317245,326.848210785703,335.557104115591,344.360788370027,353.204150979606,362.086684657623,371.043455412626,380.058921042511,389.119377136729,398.23175959693,407.400509325374,416.614476182719,425.868288443619,435.175398937515,444.518715964976,453.892136113885,463.312716317109,472.749849605674,482.214588154812,491.70203822688,501.191917226518,510.701437982675,520.206864398834,529.717847789449,539.222032582565,548.734950778226,558.300871672711,567.885160001901,577.459390337588,586.984463051534,596.438781431771,605.85483776265,615.230894211141,624.544154955915,633.794238428955,642.982826312525,652.069561334178,661.073553858992,669.96083590509,678.731386329884,687.354048417777,695.83072285347,704.111607509562,712.198021879671,720.029691767862,727.608940224617,734.945589468879,742.022314692292,748.814086430701,755.301462052612,761.452701137431,767.245204710093,772.636304336605,777.60704032093,782.145775782767,786.210267290027,789.786522195526,792.857524100161,795.400786664032,797.39900796248,798.837796769994,799.706815132419,800
316.326297326577,324.778281505407,333.270134023579,341.804987343111,350.4001508054,359.063675978967,367.788372858716,376.556843916968,385.382857540334,394.272089435449,403.212095274205,412.190572475437,421.237839913646,430.333629470803,439.456655222914,448.633310739613,457.853165175517,467.096214782399,476.377119961456,485.684849985179,495.013704534681,504.366352048063,513.722811183587,523.089769538815,532.45214289949,541.821456711177,551.184667511982,560.550182791618,569.913051649148,579.279598137228,588.620393856921,597.944211710063,607.316519381004,616.64387748325,625.873416209438,635.010572536923,644.077959942209,653.062336539397,661.964583528892,670.746174097785,679.42605003091,687.954980873491,696.345018186512,704.553097795887,712.573576629398,720.385585434002,727.917283423242,735.193640105533,742.224065809971,748.974698234684,755.420890922495,761.544775787833,767.310954480284,772.684873867218,777.638801799597,782.165231286944,786.223752342205,789.79369491761,792.860957207084,795.402267783579,797.399420572227,798.837882931359,799.706818714291,800
323.352133644327,331.605585436305,339.904506554475,348.273436546743,356.68947448096,365.15630924654,373.671368135302,382.28168321063,390.926313092766,399.612079290578,408.378886473424,417.194611841679,426.044707006616,434.952418345841,443.917614020241,452.916356819099,461.953833547007,471.044657056928,480.151013463617,489.296137228149,498.467118681534,507.649162116138,516.861501846781,526.077413443531,535.303420001195,544.524049562877,553.743191542603,562.956464621248,572.165156307569,581.370218443505,590.573479172097,599.761184981688,608.925228902646,618.048316256775,627.14162152281,636.200670468939,645.209378222592,654.106375646422,662.898004841294,671.582354648894,680.160514433576,688.600030851886,696.901921687373,705.033391760838,712.980285992387,720.730040290108,728.228873722837,735.459674076375,742.438369997212,749.145432487514,755.549506496256,761.643111288521,767.381171987223,772.737115671006,777.673232321303,782.186482160635,786.237962983917,789.801373823959,792.864727109743,795.403791070654,797.399908873294,798.837969092725,799.706822296162,800
330.62502949833,338.69473214756,346.80069077021,354.962657622068,363.203845206216,371.48890883878,379.818406487589,388.215319367341,396.672661641042,405.192687213464,413.753976576491,422.363149437522,431.051556923872,439.776721931563,448.538727191425,457.370122797994,466.23336683587,475.133044836794,484.078776520559,493.050492205576,502.048012437583,511.079775959941,520.121318170963,529.185352348442,538.253063437714,547.324662700305,556.393856400411,565.457684098914,574.514117310565,583.566513167558,592.617582608357,601.661728079261,610.673198780473,619.660568500877,628.615288149056,637.529607946125,646.38553016588,655.193253242454,663.915271474514,672.487852290762,680.938243136735,689.286758372427,697.497675636721,705.549947980947,713.417362909164,721.093483687963,728.534921618212,735.736946795074,742.668601434272,749.324202278457,755.687267911229,761.747952572821,767.456634793502,772.793469416935,777.710579108631,782.209667941535,786.252786629945,789.809578160693,792.868757287873,795.405472034906,797.400400970885,798.838055254091,799.706825878034,800
338.162246042832,346.046787746953,353.974176305397,361.942227388729,369.970037881175,378.042757108509,386.199427154025,394.396155230137,402.650419567847,410.962403765859,419.348346906791,427.77153005834,436.247257636764,444.786759539057,453.373290148292,462.001747071903,470.681406846093,479.407799283954,488.155900110623,496.960416028382,505.787257278386,514.639090113646,523.519142910203,532.408083134406,541.319278088792,550.23545725756,559.153855875044,568.066858019786,576.973531331515,585.873567288954,594.759928023462,603.639336616666,612.511323370541,621.356120074716,630.172561148372,638.936804249452,647.662057149131,656.335149656544,664.928908142094,673.452511885105,681.87591368193,690.095427203396,698.126305127896,706.095467645396,713.881176857635,721.485430681025,728.867208356248,736.014432873394,742.912597961678,749.515431975046,755.834399813716,761.861107370531,767.537716139599,772.854018727651,777.750993927428,782.234871284695,786.268590227163,789.818506859742,792.873061011711,795.407255080966,797.400952450303,798.838159873382,799.706831274545,800
345.977057397415,353.665098717937,361.393641811544,369.18043746239,377.004913124064,384.881875869861,392.806515668893,400.825195078633,408.880702810515,416.979291691054,425.157553573266,433.392523050812,441.672705378407,450.006250105804,458.395127731208,466.837773578394,475.31364765369,483.846986116611,492.424459852619,501.030999938159,509.682263342529,518.361729112499,527.054894478505,535.786567918211,544.522203244843,553.274833235214,562.030505088781,570.786133037749,579.536441631322,588.275285155072,597.003285141256,605.725141840579,614.440887494014,623.14118760599,631.80205761867,640.427328317723,649.016736858196,657.542817657177,666.011215854714,674.410153139529,682.703283458207,690.909136258362,698.974833217233,706.783100098435,714.380700138394,721.90798990756,729.225963665095,736.31237277035,743.159470598751,749.721902262403,755.993475402921,761.981578589569,767.62470838494,772.918977859223,777.794508188826,782.262280410278,786.285873060379,789.828060368555,792.87773195563,795.409159086261,797.401536883536,798.838270655848,799.706837223552,800
354.073728435883,361.562828051914,369.089728416177,376.670708088705,384.31301903636,391.991751169561,399.711352566063,407.500243362465,415.352450139393,423.262464939199,431.213299240113,439.235916509474,447.320203715356,455.45500566565,463.630381101662,471.866881478107,480.160417979237,488.489396692096,496.868849488038,505.291331857806,513.742078768088,522.231101414073,530.754933667187,539.295013561101,547.861723513258,556.43623215836,565.022734544458,573.616596560948,582.206972945268,590.789949096285,599.363078482368,607.925963460522,616.471321445519,625.006411645805,633.520863802784,642.005799032234,650.448035734809,658.831354823211,667.164625211743,675.427856219715,683.60321823026,691.685052848186,699.640872552338,707.469871655621,715.126246189358,722.403255774412,729.612289585707,736.635507955281,743.417142453256,749.934938640379,756.164796189726,762.107375010861,767.718595466601,772.98590062183,777.841441319416,782.292126838796,786.304752586065,789.83827629415,792.882782212563,795.411255004678,797.402188205688,798.838381438314,799.70684317256,800
362.472701667223,369.764795435319,377.091635649844,384.451845195493,391.891199078523,399.372411554404,406.900481257328,414.464972350579,422.101722098411,429.788044406723,437.544173653956,445.341620455823,453.199919128269,461.128499534305,469.108326427408,477.128022651355,485.211154398292,493.342109043541,501.511326998731,509.725545929862,517.994654388808,526.287725565928,534.620144634627,542.980036844779,551.355752160294,559.75486620346,568.163458704529,576.58425582453,585.008498951658,593.426083459485,601.835449779706,610.228754468635,618.608301477558,626.977754704782,635.337464056519,643.671153875757,651.956923875603,660.203860325974,668.397896154157,676.515700450045,684.56562438973,692.521530118193,700.368606658384,708.086858489899,715.652609618335,723.040874389249,730.182933263016,736.976410138775,743.694574344827,750.163174394942,756.34825662221,762.242591556048,767.819930786864,773.057602516787,777.892230664762,782.324468792781,786.325394325795,789.849386514857,792.888216044586,795.413506004477,797.402883242964,798.838515089868,799.706849121567,800
371.193971034498,378.283768455391,385.409196288359,392.569730046558,399.76711211353,407.04588806635,414.364718616438,421.730239159205,429.138274387826,436.607331128387,444.1325232118,451.726299693259,459.362822749299,467.044924076729,474.819653220566,482.636812150692,490.490570427564,498.407003393967,506.379589265165,514.386536900963,522.430810607393,530.532948474688,538.658989025726,546.819525939134,555.012995645855,563.218195227562,571.449658758841,579.687066210192,587.931505552159,596.176995503086,604.41862257881,612.650594969854,620.866000430773,629.070795710441,637.254981824918,645.422307257434,653.559074765765,661.659747605982,669.703793533111,677.684183933008,685.601688102321,693.42024348004,701.149565736067,708.752900344769,716.221368279268,723.514697797015,730.627640053869,737.502966842078,743.99488772899,750.409797335374,756.544616565705,762.388933488887,767.929961403858,773.13410786853,777.947498987204,782.359470320166,786.347896352075,789.861555523503,792.894087233555,795.415941658344,797.403670223259,798.838654259741,799.706855070574,800
380.264976578507,387.129784938343,394.048522054007,401.00249267265,407.994584453044,415.020522859905,422.13615997209,429.286361962245,436.486751551432,443.724350422389,451.026661606256,458.380619753336,465.804466558556,473.271622383877,480.778664937707,488.384827413848,496.032711267183,503.721121043625,511.464345244964,519.263208450031,527.098409403622,534.97318399662,542.907854470321,550.863928706609,558.849631814842,566.867000966848,574.895027722075,582.951187958179,591.010104385302,599.074806649248,607.141532530205,615.203279351217,623.247058672988,631.274333690482,639.284284338559,647.279997315296,655.262670537415,663.203916278863,671.091982628189,678.934846717903,686.708296068814,694.393125557666,701.99887326752,709.477603816007,716.841702003807,724.034503029637,731.061616776785,737.871290201234,744.44799006695,750.696719302888,756.754782869504,762.546238090024,768.04937725766,773.217071471512,778.00755838578,782.397842017753,786.371385178551,789.875032382243,792.900481687751,795.418611064312,797.404506839057,798.838805804507,799.706862376242,800
389.708912133884,396.335128936042,403.024082801701,409.763805979031,416.545677320758,423.365736549981,430.218311958993,437.162572248224,444.141324711068,451.166342678363,458.229010040877,465.35583641106,472.535243228669,479.780957018941,487.067031750303,494.399617714982,501.829343750804,509.299076605034,516.806810463283,524.375661118455,532.001756354057,539.657903217544,547.352855027802,555.105384316473,562.880460592286,570.688334912694,578.526181528924,586.374065855618,594.247099433898,602.121201385032,609.998869381092,617.876777099539,625.746643471673,633.602194975496,641.44230163458,649.264550078857,657.065093949866,664.839926494039,672.578995087749,680.271294988014,687.888690666064,695.445041467932,702.911269590506,710.268443187468,717.513501462639,724.605363944712,731.537379851936,738.273575733387,744.783671732061,751.054468884554,757.003464338512,762.718912481823,768.178945813683,773.307783929965,778.073074168518,782.439591516811,786.396283244953,789.889921527196,792.907505169247,795.42156394927,797.405433351779,798.838977227617,799.706871411697,800
399.101099677894,405.469508104227,411.889432103105,418.355598070832,425.120675869403,431.956075853107,438.693495486586,445.374300832706,452.129264764198,458.932400042995,465.773569026793,472.652003779415,479.598869826118,486.59627868366,493.653542396919,500.753420536853,507.910227454968,515.146408007711,522.434124982429,529.759218757571,537.142620901705,544.578943385707,552.051553350232,559.567415489539,567.13628673931,574.724115963488,582.345141319463,589.994244219663,597.653182724389,605.33719005943,613.020650492326,620.708395505793,628.394620211957,636.072512681386,643.731400844923,651.367788510963,658.986665524304,666.587618467159,674.167410016711,681.691889456578,689.1604012369,696.571866096656,703.893507229089,711.12821611381,718.246606087063,725.231944211435,732.060484539788,738.714249658467,745.147808456597,751.347373698493,757.281682754517,762.922241809448,768.320399390234,773.406952145136,778.145167885762,782.48561686324,786.423773399743,789.906304066495,792.915267211547,795.424815069796,797.40646509023,798.839161719532,799.706880447151,800
409.491205976538,415.613047497865,421.787785740219,428.02790724575,434.316627587736,440.647705505379,447.029946251579,453.461842805119,459.970486765562,466.534996966797,473.163027779249,479.839981440038,486.573983503082,493.37351350156,500.443470356988,507.429147671047,514.327808909588,521.305762544233,528.34777488161,535.436026015315,542.567619149225,549.762482832083,557.011271081588,564.287043008006,571.610705511818,578.981141469517,586.37537175303,593.807720258216,601.263599316459,608.72893032349,616.21645971597,623.703000164574,631.191360008242,638.674852314644,646.14944318778,653.607565060498,661.045828295048,668.466578271726,675.855774773897,683.215318295154,690.531833068419,697.782129194022,704.95505185434,712.054580569622,719.038025853604,725.911301536898,732.629288541892,739.189601499221,745.53503732556,751.665712152744,757.547570503653,763.149467123559,768.474587678211,773.515789003997,778.224587800081,782.536330334451,786.454012207674,789.924546514562,792.92403534163,795.428423887161,797.407599658332,798.839368473674,799.706889482606,800
420.323343393976,426.205946204487,432.147402270851,438.121913560795,444.163498381209,450.25088382632,456.383562832025,462.565279108547,468.792468329796,475.10622666599,481.477483452975,487.896549041685,494.361941881769,500.894362862042,507.490001344453,514.155180117251,520.872160006815,527.647645757295,534.497398661077,541.434567958288,548.420969137575,555.324784160448,562.239031826193,569.280741736106,576.356577067573,583.48821417049,590.660245873094,597.8528794211,605.081250492187,612.333469174119,619.598885773149,626.881265841319,634.163468630134,641.450899528364,648.72888318366,656.000104030185,663.245572799426,670.46900993956,677.672189388975,684.856360817449,692.003457083665,699.087447055493,706.112491879713,713.057745319352,719.902777171545,726.649351860808,733.247348401871,739.701592410494,745.961579029099,752.014885381521,757.837203544363,763.383765869213,768.648330519575,773.635896055337,778.311365869678,782.592537809089,786.487562612912,789.944783147717,792.933789447629,795.43244680948,797.40885980888,798.839600649282,799.706901406395,800
431.623283260134,437.268399646058,442.949120339234,448.674496541225,454.469534459803,460.306810979845,466.183183466549,472.101356146029,478.059360700747,484.117534540694,490.218497193189,496.374158420922,502.57442373116,508.830666051063,515.143845785676,521.534487650908,527.975077338509,534.465929654368,541.014977945698,547.65842146297,554.365335428441,561.116475317382,567.927488925513,574.815544584939,581.742974627502,588.704504115392,595.704559993701,602.148420164979,609.130332389976,616.157740750663,623.199523049318,630.257163759598,637.330090035325,644.400483088653,651.473426839608,658.53752142758,665.589902973185,672.625878636598,679.638153045375,686.625965197342,693.584565078109,700.499587602292,707.365736524621,714.15011748381,720.854115989029,727.454790504953,733.931504495674,740.268250005368,746.433815977296,752.399870378705,758.151398572821,763.634125528022,768.839178181742,773.770741845966,778.403326635128,782.655133779901,786.52507483245,789.967429902764,792.944862110176,795.436899489985,797.410271075853,798.839856067749,799.706914275328,800
443.435792609466,448.829923879864,454.260053516593,459.737748156931,465.272736179061,470.848937406523,476.457601838693,482.112693816073,487.798873241257,493.589889885803,499.420707204823,505.307105207338,511.233149380398,517.209998674944,523.249705882677,529.353576995516,535.513608203452,541.721343576424,547.9745843381,554.317080253395,560.724576687747,567.185139509124,573.702982615141,580.293253919384,586.944649340848,593.631554646177,600.364520490037,607.148056375209,613.956245646074,620.788643153839,627.64297263109,634.152426652897,640.707536920702,647.560015417535,654.413653996314,661.269021076932,668.114069876508,674.945789406287,681.752584776281,688.537606172755,695.298938003451,702.039929197037,708.719835114056,715.337690406928,721.892148271875,728.342569819192,734.690855424743,740.898243794125,746.959493907036,752.827383427363,758.491924235558,763.903392770633,769.049919711297,773.924089131194,778.505871629359,782.725649139201,786.567207258333,789.992955132979,792.957372857419,795.441899256775,797.411862197739,798.840147905833,799.706927570403,800
455.814919020913,460.960099485651,466.134907290019,471.350535661187,476.619306082087,481.916608347063,487.254242597782,492.636021725729,498.064503725815,503.564441527235,509.128435064391,514.735050346311,520.380668468884,526.07013914906,531.8286646358,537.644015130687,543.517534165186,549.43661070878,555.403899717791,561.428485626346,567.537829469802,573.694722375895,579.903452806466,586.184384274176,592.538391454242,598.942969424756,605.387301001386,611.894640568046,618.437986725543,625.002056021548,631.601558919993,638.220265105281,644.839409807993,651.467221882822,658.079650960311,664.293201045473,670.817794368412,677.432635237566,684.036744363773,690.619174125059,697.180732862609,703.702894999627,710.199370321215,716.648982720588,723.023622595375,729.314340989286,735.520520193943,741.59086933266,747.535107208648,753.292651444124,758.861965636363,764.202553795568,769.284008311098,774.099356817863,778.619568329682,782.805210363736,786.614862820346,790.021854104552,792.971634913981,795.44760351522,797.413676394239,798.840489016312,799.706945030212,800
468.859843549477,473.720526029527,478.63002809098,483.577351489298,488.552328613158,493.572839601279,498.618528207671,503.697721264147,508.889108136796,514.111056528795,519.38800957981,524.698755285075,530.053554469783,535.457227773339,540.914213073925,546.449021604548,552.02743714307,557.64927083356,563.31557111092,569.047232178363,574.84098003325,580.687454176168,586.583017726023,592.530585978455,598.57454237669,604.677830461108,610.825963546733,617.020880590925,623.279129680315,629.569501519836,635.891888204259,642.253564483044,648.629103958318,655.015089860317,661.406269725306,667.784708713697,674.149149392802,680.488483254624,686.792069576687,692.87922824907,699.217582945712,705.53458835271,711.825469642951,718.080867878541,724.274011792649,730.400669124515,736.434941331683,742.362103973749,748.167249447096,753.813193037956,759.278373800984,764.538390592576,769.545946147804,774.293346745692,778.749609320183,782.895854844543,786.669341210856,790.054825102941,792.987989219825,795.454216088893,797.415774136804,798.840881953288,799.706963016733,800
482.634747303497,487.21346661173,491.813842195676,496.450565895015,501.128519049804,505.832245265426,510.587184954842,515.454890185777,520.3457780499,525.283124851057,530.251361415792,535.2592916579,540.301771905149,545.420253645606,550.590864973085,555.821060990228,561.092496913817,566.406522151802,571.761382545335,577.190260411455,582.674425610984,588.205395875747,593.782179392412,599.410854086598,605.122974746325,610.896900582557,616.719862935187,622.593962656318,628.541642014858,634.535678393471,640.562818149836,646.637784750572,652.739269960549,658.855096464867,664.994617840262,671.135813567117,677.270819221892,683.3951555565,689.496859110815,695.576467531016,701.629511426059,707.655590340107,713.621638204747,719.659628639002,725.658489179305,731.60303089928,737.462032755786,743.235610268576,748.884788374211,754.404732310497,759.751414067553,764.916350109132,769.841829774186,774.506890964696,778.901281154069,782.999741036755,786.732253081296,790.09181113253,793.006942193943,795.461978488505,797.418209108097,798.841344877563,799.706985829634,800
497.222893169767,501.485252039551,505.776432229325,510.103076674385,514.49849478443,518.923977232975,523.411668484638,527.948326672321,532.518094831154,537.123657862771,541.773655351055,546.464032603033,551.210576255557,556.046130637969,560.915777839278,565.824082124323,570.770472124919,575.756914828984,580.809942791164,585.924846012475,591.088600560504,596.295647783535,601.54451045413,606.85434788328,612.227406274576,617.656569985838,623.13485700219,628.654470585162,634.282267543408,639.956806925715,645.667598499309,651.423796210655,657.229178611651,663.058477694209,668.9158053631,674.79591696728,680.675094988617,686.559103443473,692.428586633745,698.279444020614,704.107871669354,709.910305236678,715.689760339055,721.448062185456,727.209237699106,732.939431435001,738.610521038693,744.207241739906,749.695393676598,755.076180791092,760.289866963037,765.336790512925,770.165103548495,774.751531491541,779.078644825125,783.117525823644,786.805596487398,790.132144032624,793.029105365682,795.47114239203,797.421080431465,798.841887348579,799.707012037924,800
512.729354277232,516.698234355645,520.701106399916,524.738398441833,528.803066299739,532.921085828972,537.06283243377,541.235455684942,545.45427708494,549.735326357564,554.054211411477,558.47545442223,562.929864234287,567.427460244803,571.955449779213,576.518345712047,581.117050756896,585.80572978521,590.543940276359,595.327318487328,600.152210696118,605.017510708584,609.924964473694,614.913041221774,619.94772950808,625.024240162232,630.146874141475,635.324771936267,640.593643232144,645.911917254231,651.273240824092,656.692536454201,662.174306510267,667.688060146548,673.234351959888,678.82456627664,684.421065155638,690.029783515807,695.643208102547,701.246821355173,706.837187238023,712.406135108387,717.946956920909,723.463681524923,728.957574311299,734.448433164167,739.922636381126,745.308417130335,750.618724203311,755.824120339612,760.897372803856,765.812796314485,770.539943842856,775.035161877242,779.286183295396,783.251780199106,786.892175731908,790.179962642148,793.055414907694,795.482115452948,797.424498386442,798.842535617492,799.707043232916,800
529.279634069942,532.917721342659,536.58448696372,540.270298119079,543.983733643635,547.781188252322,551.591193979066,555.468016142627,559.408392474075,563.375336350133,567.371899787454,571.415145589701,575.486785554146,579.592494024905,583.760242542216,588.016873384148,592.325786425871,596.673927510589,601.05718854494,605.477834861248,609.939082745156,614.451911202833,619.045500344962,623.679297021601,628.35340866102,633.069495419885,637.833785923993,642.672034193914,647.556054722872,652.488100240571,657.471865651769,662.531254366601,667.65715617589,672.822829406525,678.029926480065,683.287823944786,688.567200341532,693.868789515539,699.194924499744,704.520430644133,709.84429242403,715.155768602833,720.447533068277,725.719103878249,730.965354627259,736.190718321939,741.393498417557,746.572306328812,751.691644321476,756.701181010858,761.612207395391,766.373702336621,770.981352726294,775.36885438029,779.527508573574,783.413799278444,786.995894115609,790.237647721294,793.087162755175,795.495456705646,797.42862996466,798.843323817796,799.707081599868,800
547.025388521439,550.355771774466,553.701380211995,557.065489254058,560.4778378294,563.91836876536,567.377736457984,570.870561926681,574.410953211497,577.97179558695,581.580918438702,585.313794103596,589.066035763092,592.855972285782,596.693456087036,600.558633218475,604.463173993476,608.40852494239,612.408722363684,616.479481794532,620.616738096449,624.790061776206,628.999095967334,633.245563443317,637.53340036675,641.887344686777,646.302387416234,650.757438886376,655.256350099843,659.793384844485,664.402947875387,669.080465308663,673.799207581366,678.565566524965,683.406822344732,688.298943136253,693.222510427294,698.1823750414,703.182745794023,708.195118791936,713.219772049761,718.246086806638,723.260193080827,728.258369708425,733.235654945455,738.18959152764,743.122284404918,748.046188656106,752.915534057472,757.723235038902,762.443655467077,767.038463498025,771.493556387083,775.758303861627,779.804764048434,783.607590341911,787.123301853764,790.308567738368,793.126294480777,795.51196833877,797.433790211547,798.844302448698,799.707129349852,800
566.15142456988,569.115271382813,572.11878891867,575.144239764523,578.207230476261,581.288332105475,584.423168550076,587.588817263871,590.773673528104,593.981212207916,597.248762562973,600.537251673596,603.848546370345,607.204007469776,610.673604320972,614.176236460657,617.734672553853,621.327131418956,624.948740676034,628.61730544197,632.318026972434,636.064491516976,639.873656696372,643.766212465992,647.695727206725,651.660209923777,655.663022173711,659.704963459174,663.803808811661,667.970689961897,672.176885268202,676.425399246937,680.717571091987,685.078223531723,689.511972986116,693.992562767676,698.508101266492,703.093280778251,707.720216935222,712.371938504883,717.057701985643,721.759292772491,726.460608026125,731.161846113212,735.84629947508,740.510176903569,745.154280341312,749.770515614515,754.374130221956,758.94942207865,763.430626800543,767.830063741611,772.100855425283,776.224185583158,780.145363820001,783.84751578479,787.283624468294,790.397753395867,793.175753628925,795.532923018551,797.440413584451,798.845560897898,799.707190971791,800
586.982433509421,589.553233248141,592.159206498333,594.832592531744,597.516020471704,600.24175865235,602.985099468042,605.777248759765,608.609922048196,611.459713384136,614.327090162208,617.238052079011,620.189275049376,623.160208310866,626.153670370333,629.198533581464,632.332616699221,635.511083609612,638.753248004837,642.027843260197,645.328888971812,648.677257787662,652.056932484053,655.471472573675,658.929307473468,662.493105893351,666.104496349946,669.750007973507,673.432107600068,677.152403147724,680.910525672346,684.74326594695,688.624441380716,692.549392229107,696.51245111237,700.525140204182,704.626583893508,708.773642481056,712.96365907699,717.203140329872,721.499785595918,725.81761833187,730.15293874334,734.509655963128,738.864279480951,743.213704954794,747.548498202985,751.859832086979,756.146048953057,760.405722094992,764.639508740805,768.805219161067,772.8651264466,776.806788241682,780.575293741715,784.150429003967,787.477355235538,790.513823297538,793.237623011247,795.560431441799,797.449216788912,798.84722957875,799.707272870434,800
609.784911197103,612.022281536739,614.29520453453,616.592060119567,618.899040063435,621.216778627828,623.549014331717,625.948457426199,628.36593411397,630.798886696579,633.246752240882,635.728403839084,638.264830495987,640.816664370988,643.385273112994,645.981711836672,648.681856342417,651.424814011438,654.214907225139,657.051981373837,659.925014123422,662.8217976719,665.757033122152,668.732082847795,671.73211754137,674.772165915432,677.89602248622,681.090129219804,684.336151921138,687.614917625052,690.929289694417,694.279270789898,697.671315756284,701.136957033347,704.651065874072,708.20797733472,711.801310678697,715.437808513794,719.166271660961,722.939240393134,726.756652340149,730.621165494882,734.543894639665,738.485030179816,742.445755012038,746.426552029562,750.403226787793,754.370360035236,758.322471334769,762.250874880149,766.149583638474,770.018528838504,773.827203487116,777.532114425833,781.116461135905,784.524796789616,787.73137370129,790.672671469265,793.315943627209,795.598198937484,797.461419047883,798.849554484596,799.707386906435,800
634.999729012611,636.857271473585,638.728761373185,640.635655677202,642.556461368773,644.485143835933,646.422161711787,648.367737042274,650.321609380442,652.331333604316,654.358803750112,656.417995671572,658.495108844461,660.617904475848,662.81232496249,665.049384409697,667.303065086399,669.573363844944,671.869105337728,674.221964109053,676.593591798259,678.983944490666,681.408708417044,683.880019298729,686.372614590337,688.917796299293,691.574267011303,694.268119605077,696.991274917939,699.760402621647,702.559246800013,705.397290879328,708.274483074767,711.199180966332,714.212799966934,717.266381422569,720.356985128588,723.487086875368,726.655590919848,729.891988263248,733.190751872323,736.527412318409,739.909033145113,743.357268345091,746.856090184692,750.374422972291,753.919466931276,757.480761117302,761.037893409579,764.585001618322,768.116041938956,771.618972282172,775.089962313363,778.51523274317,781.84818792006,785.044737987025,788.081070461002,790.897877778042,793.429677973402,795.653325870168,797.479444268233,798.853007246199,799.707558855064,800
663.510071932464,664.979894362474,666.454306163534,667.933300698715,669.416926364147,670.905259924359,672.415601789198,673.982681625512,675.562552281776,677.149696468995,678.744181205539,680.346422465275,681.956412357383,683.589744800347,685.275133400024,686.969008862258,688.671659724419,690.414151177703,692.182542251566,694.045418013334,695.946741741747,697.863842653524,699.796701899374,701.748790629792,703.764339965439,705.802015245442,707.857917936178,709.935977798641,712.071851939098,714.228906528075,716.407870798534,718.68176657097,721.032998987159,723.41482302269,725.842548427917,728.302524752981,730.798912721868,733.333580403845,735.902659018578,738.564240368922,741.267792053171,744.009445927055,746.791008280848,749.615698804374,752.519872118272,755.476480715966,758.473685918513,761.508258361467,764.578021299015,767.657496505786,770.740227499263,773.814412510681,776.86891391037,779.894324461269,782.877986598045,785.795182947574,788.581571536391,791.21604738695,793.611667153429,795.741381687396,797.508741366851,798.858703120242,799.707845107281,800
696.759814003235,697.772114974398,698.787076203415,699.804659077362,700.824895478967,701.847817826361,702.873896625997,703.902478663201,704.93308866743,706.015251355216,707.13381616119,708.326142145402,709.529326894536,710.739498109802,711.956548470705,713.18065808971,714.412258518085,715.651139844891,716.900999979927,718.219653010869,719.557422460095,720.903707977901,722.258582561546,723.622243955906,724.994336816577,726.407567949242,727.856187195429,729.317625582924,730.792380688213,732.281171719056,733.818705962556,735.421033982605,737.109933842534,738.828196605225,740.590917345704,742.391985123398,744.216233217999,746.073173801916,747.97302175789,749.900042257389,751.864949083519,753.889309614405,756.005045875772,758.157321825771,760.346683597883,762.573575825919,764.839934259538,767.184318428089,769.57787769585,772.012974596505,774.484787713145,777.000294710432,779.519395714894,782.030009233909,784.524661101433,786.991448915764,789.421790507276,791.750851746981,793.934145572648,795.887787338871,797.564796126128,798.869914469113,799.708414832733,800
737.56070604114,738.115885953471,738.672073252621,739.229276694992,739.787505140839,740.346767555842,740.907071405622,741.468419322889,742.0308212422,742.594286565063,743.15882480752,743.724445601916,744.32492899771,744.97365406061,745.625739300854,746.280789039678,746.938632686292,747.599541892847,748.263621783829,748.930725591607,749.60107278834,750.274822936378,750.951812133876,751.6322894502,752.316432029683,753.032467762767,753.869106086474,754.740346705077,755.618811336753,756.504742619801,757.398313239136,758.299780265804,759.209424824024,760.137731804972,761.12997538171,762.132119214681,763.144728117476,764.168456586363,765.203909867708,766.287835409867,767.412482284988,768.553568823075,769.711996374183,770.910469657603,772.152692933058,773.503615788361,774.898894807901,776.334050803433,777.80224910062,779.307997959318,780.852484359298,782.447919648103,784.120624807208,785.838312855479,787.582960806033,789.3581295106,791.137881602878,792.898538800763,794.62112457561,796.255720330229,797.715741087382,798.901921081076,799.710103062561,800
800,800,800,800,800,800,800,800,800,800,800,800,800,800,800,800,800,800,800,800,800,800,800,800,800,800,800,800,800,800,800,800,800,800,800,800,800,800,800,800,800,800,800,800,800,800,800,800,800,800,800,800,800,800,800,800,800,800,800,800,800,800,800,800
